"",".rownames","price_3_nights","neigh_simp","number_of_reviews","reviews_per_month",".fitted",".resid",".hat",".sigma",".cooksd",".std.resid","obs_num"
"1","1",274.82,"Unincorporated Areas",85,0.61,1077.59039582999,-802.770395829988,0.00815923646863921,843.928891523986,0.00125104270914143,-0.955229904448679,1
"2","2",591.92,"City of Capitola",253,2.28,751.760555310959,-159.840555310959,0.045602265970497,844.771143158433,0.000299381810001365,-0.193891967757687,2
"3","3",286.9,"Unincorporated Areas",145,1.13,953.840373745618,-666.940373745618,0.0134048623517728,844.197878197881,0.00143377915000365,-0.795710449672026,3
"4","4",468.1,"Unincorporated Areas",1,0.02,1252.81460659042,-784.714606590419,0.0067360868630238,843.969184583624,0.000984069255977051,-0.933075843986948,4
"5","5",283.88,"City of Santa Cruz",446,3.36,144.922424650718,138.957575349282,0.102499570475759,844.778244749029,0.000575096860303664,0.173821075720888,5
"6","6",803.32,"City of Santa Cruz",149,1.21,763.550630005601,39.7693699943987,0.0146812532399378,844.805147788307,5.59797412725603e-06,0.0474785969518333,6
"7","7",755,"Unincorporated Areas",352,3.01,528.133083543232,226.866916456768,0.0601788742656184,844.733312926163,0.000820766865999648,0.277323137508871,7
"8","8",449.98,"City of Santa Cruz",62,0.53,944.04678020425,-494.06678020425,0.00798603933888244,844.47475125146,0.000463650797686059,-0.58784699201373,8
"9","9",1165.72,"Unincorporated Areas",93,0.85,1063.53189066141,102.188109338593,0.00771728990384377,844.793096539337,1.91566039692498e-05,0.121568257068336,9
"10","10",1002.64,"Unincorporated Areas",151,1.34,943.72566440012,58.9143355998796,0.0131308540333388,844.802564290909,1.0953164903023e-05,0.0702795119705617,10
"11","11",770.1,"City of Santa Cruz",93,0.84,880.700569036618,-110.600569036618,0.00912361312849593,844.790635185719,2.66051953650107e-05,-0.131669492049867,11
"12","12",755,"Unincorporated Areas",31,0.3,1191.22570856886,-436.225708568859,0.00603550421502977,844.548581074347,0.000272093491611843,-0.518517429216465,12
"13","13",679.5,"Unincorporated Areas",37,0.36,1178.96515156867,-499.465151568673,0.00599265608777715,844.468124309889,0.000354139507729418,-0.593673869612282,13
"14","14",649.3,"City of Santa Cruz",76,0.92,919.015226628296,-269.715226628296,0.00756125582356917,844.708263040996,0.00013071374790073,-0.320841950607207,14
"15","15",317.1,"Other",44,0.43,446.322977236264,-129.222977236264,0.0923429959491241,844.782456718294,0.000438090409306208,-0.160737200235554,15
"16","16",1023.78,"City of Santa Cruz",116,1.13,834.560106264444,189.219893735556,0.010359695339642,844.758428254601,8.86440622053673e-05,0.225406089888659,16
"17","17",619.1,"City of Santa Cruz",86,0.82,895.719834755066,-276.619834755066,0.0085839712942373,844.703018846682,0.000156410839051816,-0.329225061750768,17
"18","18",268.78,"City of Santa Cruz",23,0.25,1025.3140223189,-756.534022318903,0.00761807326887355,844.027636127945,0.00103625873894239,-0.899966986955266,18
"19","19",320.12,"City of Santa Cruz",2,0.03,1068.08291530924,-747.962915309245,0.00830718558063418,844.044680857473,0.00110607235369673,-0.89007995520193,19
"20","20",268.78,"City of Santa Cruz",18,0.23,1035.96032268333,-767.18032268333,0.00765262448725635,844.005499236935,0.00107053701644694,-0.912647630753121,20
"21","21",1963,"City of Capitola",28,0.31,1215.53702510672,747.462974893281,0.01775298864946,844.038373033707,0.00240620840512168,0.893751667885167,21
"22","22",830.5,"Unincorporated Areas",27,0.27,1199.54246974596,-369.042469745963,0.00604604509225613,844.622146093251,0.000195081179142248,-0.438662746330739,22
"23","23",604,"City of Santa Cruz",7,0.07,1057.72272796544,-453.722727965443,0.00813654323936017,844.526812494627,0.000398511677880731,-0.539886077303352,23
"24","24",1132.5,"City of Santa Cruz",34,0.5,1004.8391256296,127.660874370396,0.00709434178490712,844.785137297021,2.74495729348925e-05,0.151824325415825,24
"25","25",797.28,"City of Santa Cruz",62,0.61,945.191232286751,-147.911232286751,0.00769711173149476,844.777524494188,4.00281406132183e-05,-0.175961058514405,25
"26","26",860.7,"City of Santa Cruz",96,0.94,875.571686108713,-14.8716861087125,0.00900962975626717,844.807015217052,4.74911102428257e-07,-0.0177036588234401,26
"27","27",1506.98,"Unincorporated Areas",31,0.31,1191.36876507917,315.611234920828,0.00599642892722827,844.671894545187,0.000141496447565858,0.37514228596481,27
"28","28",634.2,"City of Capitola",2,0.03,1268.37999242024,-634.179992420237,0.0182011129017165,844.253605837221,0.00177746792204901,-0.758470697409093,28
"29","29",912.04,"Unincorporated Areas",9,1.39,1254.92148708716,-342.881487087161,0.00645963958722902,844.64740447925,0.000180073232196315,-0.407651287676126,29
"30","30",954.32,"City of Santa Cruz",111,1.11,845.206406628871,109.113593371129,0.00987683617779755,844.791068376718,2.80750767063375e-05,0.129948654218894,30
"31","31",1359,"City of Santa Cruz",64,0.67,941.676605994606,417.323394005394,0.00760736332969592,844.570146040784,0.000314873694565464,0.496441983812123,31
"32","32",1585.5,"City of Santa Cruz",3,0.03,1065.89643263223,519.603567367766,0.00829295972348137,844.439362670154,0.000532857199261794,0.618326648727043,32
"33","33",265.76,"Unincorporated Areas",276,2.88,692.446032361959,-426.686032361959,0.033801026540326,844.552660754859,0.0015428987441295,-0.51441388062508,33
"34","34",2038.5,"City of Santa Cruz",7,0.11,1058.29495400669,980.205045993307,0.00802822208178562,843.497502931255,0.00183475651620246,1.16628533273199,34
"35","35",516.42,"City of Santa Cruz",429,4.52,198.687185356156,317.732814643844,0.0831818295146501,844.658511828577,0.00233835266023881,0.393240285064342,35
"36","36",634.2,"City of Santa Cruz",16,0.21,1040.04717501673,-405.847175016726,0.00770694125727513,844.582990074897,0.000301752601378907,-0.482814260360677,36
"37","37",836.54,"Unincorporated Areas",53,0.57,1146.98561545307,-310.44561545307,0.00586046736560163,844.676309450719,0.00013376190670753,-0.368977086020175,37
"38","38",700.64,"Unincorporated Areas",220,2.53,809.882084413601,-109.242084413601,0.0209609555120113,844.790845695385,6.10822230816348e-05,-0.130836076018793,38
"39","39",2129.1,"Unincorporated Areas",50,0.71,1155.54785462848,973.552145371522,0.00525942538047392,843.518835412764,0.00117912784330277,1.1567562109537,39
"40","40",323.14,"City of Santa Cruz",45,0.49,980.644759672177,-657.504759672177,0.00735335835141727,844.218618604512,0.00075512353122349,-0.782058247682435,40
"41","41",1854.28,"City of Santa Cruz",27,0.35,1017.99865671399,836.281343286012,0.00738020227039292,843.85472895392,0.00122611453672807,0.994714571606406,41
"42","42",924.12,"City of Santa Cruz",278,3.03,507.530649548151,416.589350451849,0.0349140373601059,844.564291745922,0.00152267854393398,0.502530820569184,42
"43","43",1250.28,"Unincorporated Areas",69,0.76,1114.71996631684,135.560033683157,0.0060678792868299,844.782333404081,2.64186513266236e-05,0.161135356197366,43
"44","44",410.72,"City of Santa Cruz",16,0.18,1039.61800548579,-628.898005485788,0.00778814330886181,844.268510363662,0.000732334291477117,-0.748196288403767,44
"45","45",1404.3,"City of Santa Cruz",36,0.4,999.035595172457,405.264404827543,0.00737825337288949,844.583708012935,0.000287863592451633,0.482041141213499,45
"46","46",637.22,"Unincorporated Areas",52,0.8,1152.46239786727,-515.24239786727,0.00508776438595132,844.446680563408,0.000319377604179709,-0.612148437116483,46
"47","47",1736.5,"City of Santa Cruz",27,0.31,1017.42643067274,719.073569327263,0.00748690495482694,844.1030621898,0.000919814617126095,0.85534779749653,47
"48","48",755,"City of Santa Cruz",62,1.01,950.913492699255,-195.913492699255,0.00679371965796612,844.755096304494,6.18701584459615e-05,-0.232960428757088,48
"49","49",909.02,"City of Santa Cruz",70,0.8,930.417444566607,-21.397444566607,0.00754312531449934,844.806693411158,8.20683458534623e-07,-0.0254532724404027,49
"50","50",1812,"City of Santa Cruz",6,0.07,1059.90921064245,752.090789357547,0.00814626285542444,844.03636123099,0.00109629521252512,0.894919541187235,50
"51","51",739.9,"City of Santa Cruz",20,0.23,1031.58735732931,-291.68735732931,0.00765675497615117,844.691454712607,0.000154838855213706,-0.346995773668602,51
"52","52",286.9,"City of Santa Cruz",14,0.17,1043.8479143295,-756.947914329496,0.00781859494227005,844.026624569026,0.00106512938647163,-0.900550337313212,52
"53","53",1283.5,"City of Santa Cruz",102,1.18,865.886146294153,417.613853705847,0.00876438179134547,844.569538472987,0.00036411712943111,0.497077363271217,53
"54","54",679.5,"Other",13,0.16,510.241414445146,169.258585554854,0.0917135957991196,844.764695380713,0.000745441101677124,0.210463524433317,54
"55","55",854.66,"City of Santa Cruz",196,2.34,676.951329851435,177.708670148565,0.018275671482077,844.76384804495,0.000140163616817779,0.212545237620782,55
"56","56",477.16,"Unincorporated Areas",94,1.12,1065.20793376284,-588.047933762836,0.0066854247971001,844.336775388713,0.000548409127763094,-0.699208763032443,56
"57","57",1510,"City of Santa Cruz",5,0.06,1061.95263680915,448.047363190849,0.00818494248931085,844.533773729649,0.000390954228971054,0.533145951134045,57
"58","58",567.76,"Unincorporated Areas",175,2.09,901.979318425315,-334.219318425315,0.0137827674556594,844.654254541295,0.000370491441166486,-0.398825385889271,58
"59","59",1108.34,"City of Capitola",122,1.49,1026.88832168463,81.4516783153726,0.0212548900853708,844.798157302951,3.44543097675976e-05,0.0975669599225884,59
"60","60",604,"Unincorporated Areas",7,0.23,1242.69989724492,-638.699897244921,0.00602929641661646,844.252562136973,0.000582689223281345,-0.759184954205645,60
"61","61",232.54,"Other",33,0.45,470.660399704003,-238.120399704003,0.0916556570530592,844.722963386394,0.0014742640501789,-0.29607987126743,61
"62","63",1510,"City of Capitola",5,0.12,1263.10805298202,246.891947017981,0.0179063193763677,844.723444069513,0.000264873291590407,0.295235110774509,62
"63","64",1790.86,"City of Capitola",12,0.15,1248.23184377388,542.628156226116,0.0179005803801007,844.402096116072,0.00127904162807298,0.648876634763786,63
"64","65",906,"Unincorporated Areas",45,0.98,1170.34279379197,-264.34279379197,0.00462020857650641,844.71245119088,7.6268063749332e-05,-0.313986231436602,64
"65","66",890.9,"City of Santa Cruz",89,1.12,893.452082033412,-2.55208203341226,0.00790183489904736,844.807307916849,1.22386001166345e-08,-0.00303637107212839,65
"66","67",628.16,"City of Santa Cruz",202,2.53,666.550507485312,-38.3905074853122,0.0189484574249144,844.805286794434,6.79143803730069e-06,-0.0459320129820694,66
"67","68",1069.08,"City of Santa Cruz",163,2.03,744.670506373088,324.409493626912,0.0136863589092813,844.663122730374,0.000346552296996508,0.387100358508145,67
"68","69",679.5,"City of Santa Cruz",61,0.76,949.52356261845,-270.02356261845,0.00720957497434994,844.708071594164,0.000124830771515909,-0.321151837518553,68
"69","70",498.3,"City of Santa Cruz",9,0.11,1053.92198865267,-555.621988652673,0.00800888089777347,844.386689520401,0.000588083429293646,-0.66109377956774,69
"70","71",298.98,"City of Santa Cruz",138,1.73,795.040877988971,-496.060877988971,0.0110911342094153,844.47100788468,0.000653216582290802,-0.591145490093719,70
"71","72",525.48,"City of Santa Cruz",68,0.87,935.791805492816,-410.311805492816,0.00725973450527796,844.578130025774,0.000290269440351717,-0.488015630776413,71
"72","73",483.2,"City of Santa Cruz",190,2.42,691.214677995998,-208.014677995999,0.0170882289269539,844.747829119933,0.000179134720017399,-0.248641862961519,72
"73","74",600.98,"Unincorporated Areas",46,1.11,1170.01604574902,-569.036045749024,0.00453695511037502,844.367668221213,0.000346990496054395,-0.675872451498505,73
"74","75",377.5,"City of Santa Cruz",6,0.08,1060.05226715277,-682.552267152766,0.00811899319575298,844.172404536835,0.000899867739118826,-0.812163868531547,74
"75","76",890.9,"City of Santa Cruz",52,0.68,968.057454629043,-77.1574546290432,0.00707109697356932,844.799215054579,9.99378721426852e-06,-0.0917606231195532,75
"76","77",610.04,"Unincorporated Areas",553,7.1,147.160178181992,462.879821818008,0.1347544540772,844.472643241764,0.00902661061976071,0.589706753184538,76
"77","78",528.5,"City of Capitola",22,0.29,1228.36980814816,-699.869808148157,0.0176289507206027,844.133300375581,0.00209427494511761,-0.836791036433959,77
"78","79",594.94,"City of Santa Cruz",116,1.51,839.996253656322,-245.056253656322,0.00924733109833162,844.725408922069,0.000132416258295137,-0.291756609022652,78
"79","80",302,"Unincorporated Areas",1,0.02,1252.81460659042,-950.814606590419,0.00673608686302376,843.57653309719,0.00144475391622614,-1.13057936486522,79
"80","81",347.3,"City of Santa Cruz",10,0.33,1054.88274920254,-707.582749202539,0.00752404691095105,844.125373864058,0.000895137615676666,-0.841695059724255,80
"81","82",498.3,"City of Santa Cruz",10,0.15,1052.30773201691,-554.007732016913,0.00789470832598782,844.389178820552,0.000576203690394894,-0.659135163930685,81
"82","84",416.76,"City of Santa Cruz",133,1.74,806.116347884335,-389.356347884335,0.0105174886416977,844.600265542476,0.000381165997506139,-0.46385339177415,82
"83","85",271.8,"Unincorporated Areas",108,1.41,1038.74581508376,-766.945815083756,0.00705763611201703,844.006469982366,0.00098551757209573,-0.912095262916053,83
"84","86",1630.8,"Unincorporated Areas",29,0.39,1196.88618251569,433.913817484306,0.00566127552505533,844.551413058104,0.000252334348069864,0.515672345394677,84
"85","87",993.58,"Unincorporated Areas",30,0.43,1195.27192587993,-201.691925879933,0.00555181165919691,844.75203942691,5.34528978653726e-05,-0.239681752080738,85
"86","88",1812,"Unincorporated Areas",7,0.1,1240.84016261086,571.159837389143,0.00643511249145055,844.363533034722,0.00049774031871414,0.679042695701343,86
"87","89",555.68,"City of Santa Cruz",219,3.01,636.24701447114,-80.5670144711399,0.0214955809737225,844.798352985315,3.41084490617419e-05,-0.0965191332268514,87
"88","90",241.6,"Unincorporated Areas",35,0.47,1184.91173853613,-943.311738536132,0.00553398867313065,843.597359955658,0.00116544740918476,-1.1209798468754,88
"89","91",459.04,"Unincorporated Areas",102,1.4,1051.72165463551,-592.681654635506,0.00655212212437156,844.329392642691,0.000545831513919135,-0.704671131136891,89
"90","92",1380.14,"Unincorporated Areas",97,1.31,1061.36655942774,318.773440572256,0.00636564086112853,844.669115716221,0.000153347612016969,0.378971340405017,90
"91","93",673.46,"Unincorporated Areas",38,0.54,1179.35368607729,-505.893686077289,0.00539051955201708,844.459545638677,0.000326413251016258,-0.601132903587771,91
"92","94",1319.74,"Unincorporated Areas",53,0.74,1149.41757612838,170.322423871615,0.00528618108475245,844.767907928627,3.6275484173301e-05,0.202376598242636,92
"93","95",881.84,"Unincorporated Areas",203,2.77,850.48564617028,31.3543538297197,0.0170092993029953,844.805965384865,4.05048604960929e-06,0.0374766435972602,93
"94","96",453,"City of Santa Cruz",31,0.43,1010.39717808845,-557.397178088447,0.00722092952677018,844.384332844067,0.00053277181107103,-0.662942707325644,94
"95","97",1035.86,"City of Santa Cruz",152,2.11,769.866267902704,265.993732097296,0.0121620144493443,844.710529083359,0.000206395727481637,0.317150996418743,95
"96","98",268.78,"City of Santa Cruz",171,2.37,732.042566307633,-463.262566307633,0.0143329879871032,844.513052156256,0.000741061986846567,-0.552967537000898,96
"97","99",906,"City of Santa Cruz",147,2.11,780.798681287756,125.201318712244,0.0116053015297904,844.785886345536,4.35850197235565e-05,0.149238624590377,97
"98","100",1842.2,"City of Santa Cruz",17,0.27,1038.71903140159,803.480968598409,0.0075547424180797,843.927871219531,0.00115899498021462,0.955784211831743,98
"99","101",1754.62,"Unincorporated Areas",99,1.38,1057.99498964591,696.625010354088,0.00635470361554013,844.147118033948,0.00073106246909302,0.828172700025171,99
"100","102",386.56,"City of Santa Cruz",232,3.32,612.257491489695,-225.697491489695,0.0238936613727045,844.73679672589,0.000298996241389679,-0.270717109248312,100
"101","103",1434.5,"Unincorporated Areas",19,0.27,1217.03433116205,217.465668837953,0.00591148811234006,844.743031572047,6.62143235661879e-05,0.258473316734402,101
"102","104",211.4,"City of Santa Cruz",1,0.01,1069.98328496563,-858.58328496563,0.00837737215520606,843.802203333822,0.00146995363645943,-1.02175495713557,102
"103","105",1078.14,"Unincorporated Areas",16,0.33,1224.45211825495,-146.312118254953,0.00571337314542775,844.77822337278,2.89570165784326e-05,-0.1738849669382,103
"104","106",839.56,"Unincorporated Areas",32,0.45,1191.18507354654,-351.625073546538,0.00552873395792791,844.63930148141,0.000161779955608926,-0.417850816044321,104
"105","107",679.5,"Unincorporated Areas",81,1.15,1094.06137809491,-414.56137809491,0.00562177076681639,844.573742872934,0.000228702769087014,-0.492663711093009,105
"106","108",848.62,"Unincorporated Areas",44,0.9,1171.38482438648,-322.76482438648,0.00470610701216447,844.665869168192,0.00011583914477031,-0.38339643201599,106
"107","109",2400.9,"City of Capitola",1,0.02,1270.42341858693,1130.47658141307,0.0182292819123563,843.046540771021,0.00565713285270781,1.35205410455671,107
"108","110",283.88,"Unincorporated Areas",138,2.01,981.734725392199,-697.854725392199,0.00886093091757255,844.143108272793,0.00102816788086562,-0.830682887843162,108
"109","111",1108.34,"City of Capitola",278,3.97,721.275038628527,387.064961371472,0.0464405662956194,844.594986103878,0.00179099146868185,0.469729151926307,109
"110","112",1908.64,"Unincorporated Areas",10,0.2,1235.71127968295,672.928720317048,0.00610117546034194,844.191441879654,0.000654622782041364,0.799899663339292,110
"111","113",1594.56,"Unincorporated Areas",19,0.38,1218.60795277549,375.952047224515,0.00558069860313251,844.61523642615,0.000186697375148238,0.446771251566049,111
"112","114",2956.58,"Unincorporated Areas",3,0.1,1249.5860933189,1706.9939066811,0.00645157164724629,840.835078025982,0.00445733433847344,2.0294342652342,112
"113","115",2041.52,"Unincorporated Areas",3,0.05,1248.87081076734,792.649189232664,0.00661989912668643,843.952240913937,0.000986520979075327,0.94245544952839,113
"114","116",1685.16,"City of Santa Cruz",8,0.18,1057.10986690187,628.050133098129,0.00784520995316223,844.269931753144,0.000735797239030385,0.747209067585642,114
"115","117",2745.18,"Unincorporated Areas",2,0.04,1250.91423693403,1494.26576306597,0.00665989006294937,841.764479176824,0.0035273668890623,1.77670939210048,115
"116","118",1866.36,"Unincorporated Areas",9,0.14,1237.03942329809,629.320576701913,0.00629731477572721,844.268595519546,0.000591166976509753,0.748137180430833,116
"117","119",3654.2,"City of Santa Cruz",3,0.37,1070.76035398286,2583.43964601714,0.00767235070011689,835.669659393883,0.0121713493430789,3.07332375067271,117
"118","120",2515.66,"Unincorporated Areas",21,0.53,1216.38083507615,1299.27916492385,0.00522837553001116,842.511113158343,0.00208760712612093,1.54375479006458,118
"119","121",2627.4,"City of Santa Cruz",48,0.7,977.08949835771,1650.31050164229,0.00691957319863368,841.09332603926,0.00447265722659393,1.96250598764275,119
"120","122",220.46,"Unincorporated Areas",82,1.23,1093.0193475004,-872.5593475004,0.0055039178995761,843.772195481211,0.00099169830486629,-1.03688591571179,120
"121","123",1057,"City of Capitola",3,0.05,1266.47962276385,-209.479622763852,0.0181366717047984,844.746923833232,0.000193224816994252,-0.250526575228802,121
"122","124",755,"Unincorporated Areas",5,0.12,1245.4992409855,-490.499240985503,0.00637376658293792,844.48006955683,0.000363538626658759,-0.583128614977157,122
"123","125",1703.28,"City of Santa Cruz",46,0.68,981.176350691106,722.103649308894,0.00691499404650098,844.097521086922,0.000855740067054571,0.858704750910411,123
"124","126",1510,"Unincorporated Areas",87,1.28,1082.80221666691,427.197783333089,0.00570987308965742,844.559262439069,0.000246707304813392,0.507703275521303,124
"125","127",302,"Unincorporated Areas",20,0.3,1215.27701801597,-913.277018015974,0.00582311775613146,843.672903486853,0.00115015702528365,-1.08544603673057,125
"126","128",1597.58,"Unincorporated Areas",53,0.79,1150.13285867995,447.447141320052,0.00514828223841128,844.53533910918,0.000243754667876023,0.53161851623897,126
"127","129",151,"Unincorporated Areas",51,0.75,1153.93359799272,-1002.93359799272,0.00518343438748445,843.439930591873,0.00123310419534987,-1.19162118144366,127
"128","130",117.78,"City of Santa Cruz",5,0.08,1062.23874982978,-944.458749829776,0.00813115202516939,843.591235357323,0.00172557323224332,-1.12381133329332,128
"129","131",2346.54,"Unincorporated Areas",19,0.3,1217.46350069298,1129.07649930702,0.00581450721710447,843.072859572161,0.00175528900727538,1.34192176082638,129
"130","132",135.9,"Other",13,0.19,510.670583976084,-374.770583976084,0.0916264678541956,844.598359049018,0.00365045348858299,-0.46598377788831,130
"131","133",383.54,"Unincorporated Areas",48,0.71,1159.9208199825,-776.380819982499,0.00519083275678406,843.988175822911,0.000739998605227911,-0.922449175067751,131
"132","134",558.7,"City of Santa Cruz",124,1.84,827.225257080555,-268.525257080555,0.00955356570396867,844.708937697104,0.000164360561927254,-0.319747518664552,132
"133","135",2177.42,"City of Santa Cruz",26,0.41,1021.04347845287,1156.37652154713,0.00723343916228007,842.985275544392,0.00229706301427154,1.37535000526509,133
"134","136",1766.7,"City of Santa Cruz",13,0.19,1046.32051002713,720.379489972868,0.00777050948059598,844.100298668976,0.000958675741921525,0.857023661252391,134
"135","137",1757.64,"City of Santa Cruz",32,0.49,1009.06903447331,748.570965526688,0.00709638673724508,844.044371767802,0.000944088866558839,0.890260226272737,135
"136","138",1812,"City of Capitola",23,0.34,1226.89860802271,585.101391977291,0.0174822279737024,844.336359907927,0.00145111569236565,0.69951730415615,136
"137","139",1057,"Unincorporated Areas",115,2,1031.88077045313,25.1192295468736,0.00685489743492247,844.806458291665,1.02638904012969e-06,0.0298701566544616,137
"138","140",1827.1,"Unincorporated Areas",16,0.52,1227.17019195089,599.929808049107,0.00528654165741079,844.318251497705,0.000450091051563719,0.712834945526971,138
"139","141",3355.22,"Unincorporated Areas",46,1.25,1172.0188368934,2183.2011631066,0.00454272490897891,838.312367364263,0.0051142566997081,2.59310426733807,139
"140","142",1002.64,"Unincorporated Areas",27,0.42,1201.68831740065,-199.048317400652,0.00553312324034717,844.753480046537,5.18836530230602e-05,-0.236537982255985,140
"141","143",906,"City of Capitola",28,0.43,1217.25370323047,-311.25370323047,0.0173282972454245,844.674089533605,0.000406903916017407,-0.372089864673009,141
"142","144",241.6,"Unincorporated Areas",46,0.7,1164.15072882621,-922.550728826207,0.00515573995110226,843.650509313207,0.00103773184852176,-1.09610017049215,142
"143","145",453,"Unincorporated Areas",7,0.11,1240.98321912117,-787.98321912117,0.00640051308303815,843.962469881496,0.000942214614930951,-0.936804197208902,143
"144","146",2189.5,"City of Santa Cruz",33,0.51,1007.16866481693,1182.33133518307,0.00706339833078993,842.902799516351,0.00234408245467739,1.40609925485063,144
"145","147",2265,"City of Santa Cruz",11,0.19,1050.69347538115,1214.30652461885,0.0077860887947511,842.79680484392,0.00272953842258795,1.44465189291618,145
"146","149",1005.66,"City of Santa Cruz",234,3.68,613.034560506928,392.625439493072,0.0248380494694774,844.593681363945,0.000942420425603378,0.471169966986389,146
"147","150",1283.5,"Unincorporated Areas",77,1.29,1104.81009994733,178.689900052672,0.00513864933446105,844.763947046955,3.88014273192456e-05,0.212303065229283,147
"148","152",253.68,"Unincorporated Areas",214,3.39,835.303840362547,-581.623840362547,0.0188581914394259,844.341290251276,0.00155111751191524,-0.695847140293918,148
"149","153",1057,"Unincorporated Areas",7,0.11,1240.98321912117,-183.98321912117,0.00640051308303815,844.761281047867,5.13655952630168e-05,-0.218730865970653,149
"150","154",667.42,"Unincorporated Areas",79,1.42,1102.29686922737,-434.876869227371,0.00508657311645474,844.550424191338,0.000227463203287694,-0.516667567660179,150
"151","155",1174.78,"Unincorporated Areas",164,2.69,934.614018491185,240.165981508815,0.0115097036469491,844.728465449689,0.000159025265705674,0.286261422169837,151
"152","156",196.3,"Unincorporated Areas",206,3.31,851.651249696129,-655.351249696129,0.0175526746586683,844.216396185525,0.00182808693123177,-0.783532531915268,152
"153","157",600.98,"Unincorporated Areas",294,4.85,681.271476707353,-80.2914767073531,0.0372659586237178,844.798268360257,6.0668374347753e-05,-0.0969736672402206,153
"154","158",1162.7,"Unincorporated Areas",55,0.9,1147.33351493937,15.3664850606349,0.00495600007306432,844.806996127624,2.76642968348556e-07,0.0182553823606065,154
"155","159",567.76,"City of Capitola",190,3.25,903.385445462936,-335.625445462936,0.0289823309967427,844.650547440224,0.000810424631206631,-0.403625737410837,155
"156","160",389.58,"Unincorporated Areas",30,0.53,1196.70249098306,-807.122490983059,0.0052662866753286,843.921920027292,0.000811509385725731,-0.959010956771802,156
"157","161",1057,"Unincorporated Areas",1,0.19,1255.24656726573,-198.246567265733,0.00621484222709363,844.753876251347,5.7886897484535e-05,-0.235666016646622,157
"158","162",594.94,"City of Capitola",67,1.14,1142.13789105926,-547.197891059259,0.0171831654171282,844.395541456964,0.00124672495678798,-0.654102275199374,158
"159","163",634.2,"Unincorporated Areas",62,1.36,1138.60873567467,-504.408735674672,0.00463357286335288,844.46184765863,0.000278508878893818,-0.599140453082636,159
"160","164",217.44,"City of Santa Cruz",4,0.42,1069.28915385742,-851.849153857415,0.00759801525502708,843.818694987129,0.00131031023011621,-1.013342885075,160
"161","165",1165.72,"City of Capitola",70,1.23,1136.86595162104,28.8540483789591,0.0171967611370949,844.806172104273,3.46937175377915e-06,0.0344914144328039,161
"162","166",211.4,"Unincorporated Areas",162,2.77,940.131435927707,-728.731435927707,0.0113878535079859,844.081154007353,0.00144826762609606,-0.868544494449405,162
"163","167",588.9,"City of Capitola",13,0.24,1247.33286968969,-658.432869689687,0.0176025557304828,844.210793551154,0.00185075151104158,-0.78723687643464,163
"164","168",3473,"City of Capitola",64,1.2,1149.55567815217,2323.44432184783,0.0169490621842855,837.354048526939,0.0221606245000799,2.77703783701314,164
"165","169",2023.4,"City of Santa Cruz",17,0.31,1039.29125744284,984.108742557159,0.00746527202918908,843.487790653462,0.0017177668655232,1.17059798608007,165
"166","170",755,"City of Capitola",2,0.21,1270.95500960586,-515.955009605864,0.0176175275710376,844.441068638527,0.00113744719131667,-0.616891901939316,166
"167","171",1271.42,"City of Santa Cruz",121,2.18,838.648626462214,432.771373537786,0.00952661037702009,844.551765450498,0.000425690204916561,0.515317223358981,167
"168","172",755,"City of Santa Cruz",70,1.26,936.998044040986,-181.998044040986,0.00683325971631377,844.762249535047,5.37082325201934e-05,-0.216417898347876,168
"169","173",2340.5,"City of Santa Cruz",15,0.35,1044.23644883811,1296.26355116189,0.00740714107529345,842.516750518658,0.00295677834407707,1.54186118156658,169
"170","174",453,"City of Santa Cruz",30,0.54,1014.1572823789,-561.157282378896,0.0069925239950626,844.378704024651,0.000522663246630289,-0.667338041616743,170
"171","175",1661,"City of Santa Cruz",2,0.04,1068.22597181956,592.774028180443,0.00828028603560854,844.328410290048,0.000692420005402066,0.705394764942253,171
"172","176",948.28,"City of Capitola",29,0.55,1216.78389867721,-268.503898677211,0.0170077538496744,844.708207397937,0.000297010495122824,-0.320932048533128,172
"173","177",5738,"Unincorporated Areas",17,0.58,1225.84204833576,4512.15795166424,0.00517892234281987,816.684995656487,0.0249368651443289,5.36104364903045,173
"174","178",265.76,"Unincorporated Areas",165,3.01,937.005344144178,-671.245344144178,0.0121468032404092,844.190768784917,0.00131269423037833,-0.800336492951019,174
"175","179",1283.5,"Unincorporated Areas",60,1.09,1139.11917525025,144.380824749747,0.00477597592751439,844.779013056856,2.35268232528229e-05,0.171508887971177,175
"176","180",1069.08,"Unincorporated Areas",71,1.3,1118.0720525197,-48.9920525197026,0.00488432771806715,844.804057544654,2.77097596490205e-06,-0.0582004563308152,176
"177","181",368.44,"Unincorporated Areas",12,0.22,1231.62442734956,-863.184427349556,0.00603729166661439,843.793788387022,0.00106569516516388,-1.02602062156582,177
"178","182",389.58,"Unincorporated Areas",36,0.67,1185.58638606537,-796.006386065374,0.00501164231557384,843.946373224919,0.000750759781688307,-0.945681930009684,178
"179","183",453,"City of Capitola",3,0.07,1266.76573578448,-813.765735784477,0.0180637506626558,843.895540785321,0.0029037817387723,-0.97318474249851,179
"180","184",1005.66,"Unincorporated Areas",64,1.52,1136.52467448565,-130.864674485653,0.00471887579708519,844.784065699068,1.90948255963433e-05,-0.155448696159029,180
"181","185",1060.02,"Unincorporated Areas",173,3.2,922.231556424034,137.788443575966,0.0134113094819459,844.781313134532,6.12277547791062e-05,0.164392600820111,181
"182","186",1380.14,"Unincorporated Areas",73,1.36,1114.55742622756,265.582573772443,0.00490437628381383,844.711531858624,8.17668237789763e-05,0.31550388074343,182
"183","187",906,"Unincorporated Areas",192,3.56,885.83841993209,20.1615800679101,0.0165106144740712,844.806758294739,1.62404043653885e-06,0.0240922446473734,183
"184","188",256.7,"Other",49,0.92,442.400332856529,-185.700332856529,0.0915024399974049,844.756024389008,0.000894817224184041,-0.230881076057191,184
"185","189",377.5,"Unincorporated Areas",2,0.05,1251.05729344435,-873.557293444346,0.00662518949996569,843.768653145188,0.00119916413998322,-1.03865749834784,185
"186","190",1555.3,"Other",13,0.27,511.815036058585,1043.48496394142,0.0914189337743878,843.186388597614,0.0282231188223152,1.29730440455674,186
"187","191",552.66,"City of Santa Cruz",154,2.95,777.510049414941,-224.850049414941,0.0135737167185938,844.738057604083,0.000165074241791296,-0.268286121981339,187
"188","192",437.9,"City of Santa Cruz",7,0.14,1058.72412353763,-620.824123537631,0.00795290109132951,844.282173152082,0.000728990708155904,-0.7386521676655,188
"189","193",1999.24,"City of Santa Cruz",13,0.26,1047.32190559932,951.91809440068,0.00760666063968343,843.572589523343,0.00163813372026305,1.13238784762755,189
"190","194",1506.98,"City of Santa Cruz",91,2.15,903.813937241589,603.166062758411,0.00854649969980622,844.311333346309,0.000740357027246299,0.717857531152723,190
"191","195",259.72,"City of Capitola",3,0.06,1266.62267927416,-1006.90267927416,0.0180999292847878,843.410932348528,0.00445493236187177,-1.20417994258092,191
"192","196",1268.4,"Unincorporated Areas",53,1.06,1153.99538445839,114.404615541613,0.00464718915170334,844.789548203056,1.43696825310645e-05,0.135891583908096,192
"193","197",434.88,"City of Capitola",2,0.04,1268.52304893055,-833.64304893055,0.0181638992124889,843.850330867205,0.0030648920543203,-0.99700692155482,193
"194","198",1247.26,"Unincorporated Areas",108,2.22,1050.33339241908,196.926607580924,0.00669484102264813,844.754560054606,6.15896181496685e-05,0.234153466801286,194
"195","199",573.8,"City of Santa Cruz",10,0.22,1053.3091275891,-479.509127589101,0.00772885600181594,844.494145364175,0.000422446849171811,-0.570452169075713,195
"196","200",742.92,"Unincorporated Areas",29,0.6,1199.89036923226,-456.970369232258,0.00509321554944637,844.523652388236,0.000251493739652431,-0.542918177601673,196
"197","201",2352.58,"City of Capitola",21,0.42,1232.41602545923,1120.16397454077,0.0171900546266105,843.080381748421,0.00522667144066849,1.33901168904912,197
"198","202",1075.12,"City of Santa Cruz",61,1.39,958.536122768144,116.583877231856,0.00676934158880496,844.788825385319,2.18296620189289e-05,0.138628005383307,198
"199","203",4098.14,"Unincorporated Areas",35,0.73,1188.63120780426,2909.50879219574,0.00488220620298047,833.233188130522,0.00976855459930329,3.456367924813,199
"200","204",2144.2,"Unincorporated Areas",8,0.2,1240.08424503697,904.115754963027,0.00610826847454279,843.695244130744,0.00118307387076567,1.07471184804386,200
"201","205",1766.7,"Unincorporated Areas",9,0.29,1239.18527095278,527.514729047224,0.00585166050330217,844.429001868605,0.000385629052734033,0.626969671122972,201
"202","206",1585.5,"Unincorporated Areas",41,1.03,1179.80400705157,405.695992948425,0.00456583237042406,844.583864626618,0.000177508902280503,0.481872325224885,202
"203","207",1963,"Unincorporated Areas",31,0.68,1196.66185596074,766.338144039262,0.00494699318719493,844.009435958579,0.000686773598644907,0.91040550042121,203
"204","208",2772.36,"Unincorporated Areas",2,0.12,1252.05868901653,1520.30131098347,0.0063980718996794,841.658152262077,0.00350596382977897,1.80742795658528,204
"205","209",936.2,"Unincorporated Areas",46,1.03,1168.87159366652,-232.671593666523,0.00458327229591394,844.733824983166,5.86106240739939e-05,-0.276362069048468,205
"206","210",1346.92,"Unincorporated Areas",29,0.67,1200.89176480445,146.028235195554,0.00495911441634146,844.778358130781,2.49988353345717e-05,0.173481796924646,206
"207","211",1365.04,"Unincorporated Areas",33,0.87,1195.00696430266,170.033035697343,0.00469500624731021,844.768065062567,3.20711292267025e-05,0.20197273912219,207
"208","212",362.4,"City of Capitola",9,0.27,1256.50796992867,-894.107969928667,0.0174659155962376,843.707162977221,0.00338532107825605,-1.06894089363373,208
"209","213",691.58,"City of Santa Cruz",1,0.03,1070.26939798626,-378.689397986255,0.00832319432459913,844.611889772362,0.000284079465610918,-0.450646089684018,209
"210","214",259.72,"City of Santa Cruz",8,0.17,1056.96681039156,-797.246810391558,0.00786815428712818,843.941198716639,0.00118916876805408,-0.94851812407561,210
"211","215",440.92,"Unincorporated Areas",20,0.48,1217.8520352016,-776.9320352016,0.00533597630604412,843.986891937483,0.000761992955852643,-0.923171444193434,211
"212","216",241.6,"City of Santa Cruz",2,0.05,1068.36902832987,-826.76902832987,0.00825395028846145,843.875467382097,0.00134262000770242,-0.983833253863522,212
"213","217",857.68,"City of Capitola",62,1.36,1156.21754767119,-298.537547671188,0.0167630360849283,844.68482430477,0.000361707933032392,-0.356785668154374,213
"214","218",594.94,"City of Santa Cruz",59,1.33,962.050749060289,-367.110749060289,0.00670892377198297,844.623957451642,0.000214495318478216,-0.43651218600083,214
"215","219",4212.9,"Unincorporated Areas",81,1.73,1102.35865569304,3110.54134430696,0.00516353854282001,831.561566573524,0.0118151657234417,3.69570816517043,215
"216","220",389.58,"Unincorporated Areas",62,1.42,1139.46707473655,-749.887074736547,0.0046440768190401,844.04357260839,0.000616961617926858,-0.89072615241236,216
"217","221",2980.74,"Unincorporated Areas",3,0.1,1249.5860933189,1731.1539066811,0.00645157164724629,840.721564707077,0.00458440132877708,2.05815793651162,217
"218","222",166.1,"Unincorporated Areas",3,0.07,1249.15692378796,-1083.05692378796,0.00655087674127472,843.210313366365,0.00182236161295981,-1.28770388492829,218
"219","223",1150.62,"Unincorporated Areas",127,2.95,1019.2333468087,131.386653191302,0.00971571677917529,844.783761582463,4.00296137553803e-05,0.156461988360694,219
"220","224",619.1,"City of Santa Cruz",5,0.13,1062.95403238134,-443.854032381339,0.00800654232769041,844.538919110881,0.000375172980780757,-0.528108678137728,220
"221","225",1796.9,"Unincorporated Areas",40,0.91,1180.27381160483,616.626188395166,0.00465756905861669,844.290968928295,0.000418390701161568,0.732442008095211,221
"222","226",1072.1,"Unincorporated Areas",16,0.37,1225.0243442962,-152.924344296204,0.00560659994843604,844.775537700805,3.10356026252156e-05,-0.181733524267219,222
"223","227",742.92,"City of Capitola",62,1.38,1156.50366069181,-413.583660691813,0.0167603835552457,844.57220952796,0.000694090000352387,-0.494277938664706,223
"224","228",993.58,"Unincorporated Areas",32,0.72,1195.04759932498,-201.467599324978,0.0048822115668926,844.752199437968,4.68383799360183e-05,-0.239334609312916,224
"225","229",661.38,"Unincorporated Areas",5,0.11,1245.35618447519,-583.976184475191,0.00640648954039175,844.343401148524,0.000517984456110624,-0.694269843219543,225
"226","230",2017.36,"Unincorporated Areas",39,0.93,1182.74640730247,834.61359269753,0.00463403204110601,843.861145824911,0.000762584878949893,0.991360470292916,226
"227","231",226.5,"City of Santa Cruz",11,0.28,1051.98098397397,-825.480983973966,0.00759231405791918,843.878989888173,0.00122950952850437,-0.981973011687212,227
"228","232",1132.5,"Unincorporated Areas",139,3.21,996.715023952701,135.784976047299,0.0113690959749943,844.782116009031,5.01978174245907e-05,0.161834893827487,228
"229","233",1204.98,"City of Santa Cruz",17,0.39,1040.43570952534,164.544290474658,0.00731339354957831,844.770461384138,4.70309856470516e-05,0.195710566671729,229
"230","234",981.5,"Unincorporated Areas",81,1.86,1104.2183903271,-122.718390327104,0.0053210240411518,844.786858002422,1.89571248515043e-05,-0.145816180809185,230
"231","235",4566.24,"Unincorporated Areas",5,0.34,1248.64648421238,3317.59351578762,0.00579650238222724,829.713243105379,0.0151072570438315,3.94296632953795,231
"232","236",860.7,"City of Capitola",34,0.79,1209.28484153966,-348.584841539661,0.0166113433634517,844.640333521855,0.000488534442811601,-0.416565634164861,232
"233","237",302,"Unincorporated Areas",2,0.05,1251.05729344435,-949.057293444346,0.00662518949996569,843.581218703534,0.00141540493932518,-1.12842681481255,233
"234","238",1639.86,"Unincorporated Areas",39,0.92,1182.60335079216,457.256649207843,0.00464340247275734,844.523425173946,0.000229362711755398,0.543135535425643,234
"235","239",1111.36,"Unincorporated Areas",227,5.27,833.774189500179,277.58581049982,0.0321244589929065,844.699734471613,0.000618465022762775,0.334368258353775,235
"236","240",1238.2,"Unincorporated Areas",5,0.13,1245.64229749582,-7.44229749581564,0.00634160742336264,844.807241467007,8.32651027820385e-08,-0.00884761084219065,236
"237","241",1506.98,"City of Santa Cruz",13,0.31,1048.03718815088,458.942811849117,0.00750653968967389,844.520502061526,0.000375686377811323,0.545924121021188,237
"238","242",468.1,"City of Santa Cruz",8,1.62,1077.71000438688,-609.610004386885,0.0104272757141463,844.299712624822,0.000926197111169443,-0.726215920964372,238
"239","243",1057,"City of Santa Cruz",3,0.07,1066.46865867348,-9.4686586734847,0.00818611902449009,844.807194640237,1.74629833314019e-07,-0.0112670678221967,239
"240","244",241.6,"City of Capitola",6,0.2,1262.06602238751,-1020.46602238751,0.0176541639594366,843.373678563354,0.00445901838057696,-1.2201237558388,240
"241","245",1208,"City of Santa Cruz",1,0.04,1070.41245449657,137.587545503432,0.00829695110611349,844.781522623949,3.73798286606856e-05,0.163729085907756,241
"242","246",501.32,"City of Santa Cruz",2,0.05,1068.36902832987,-567.04902832987,0.00825395028846145,844.369097364922,0.000631576464367881,-0.674773330308325,242
"243","248",1090.22,"Unincorporated Areas",41,0.98,1179.08872450001,-88.8687245000117,0.00459669587893868,844.796595676696,8.5756951745979e-06,-0.105556977503733,243
"244","249",845.6,"City of Capitola",38,0.95,1202.82781499662,-357.227814996621,0.016473437926131,844.63197406744,0.000508658630425183,-0.426864225184315,244
"245","250",966.4,"Unincorporated Areas",12,0.38,1233.91333151456,-267.513331514558,0.00560709994692379,844.710065341203,9.49810473003462e-05,-0.317909832936536,245
"246","251",2718,"City of Capitola",15,0.37,1244.81963896973,1473.18036103027,0.0172406623961105,841.818000028932,0.0090676606215645,1.76104263118922,246
"247","252",1497.92,"Unincorporated Areas",52,1.38,1160.7596754654,337.160324534599,0.00458896370878425,844.652987492824,0.000123227169417986,0.400472570807988,247
"248","253",2582.1,"City of Santa Cruz",1,0.08,1070.98468053782,1511.11531946218,0.00819761621095646,841.690507903186,0.00445406273236261,1.7981361523279,248
"249","254",1525.1,"City of Santa Cruz",4,0.14,1065.28357156866,459.816428431337,0.00800119145729885,844.519265321324,0.000402369594432986,0.547099662420364,249
"250","255",906,"City of Capitola",10,0.27,1254.32148725166,-348.321487251656,0.0174733790037011,844.640439463043,0.000514011224640192,-0.416433482900171,250
"251","256",652.32,"City of Santa Cruz",40,1,998.873055083171,-346.553055083171,0.00661653986635177,844.643935331371,0.000188477873805637,-0.412048946129963,251
"252","257",317.1,"Unincorporated Areas",4,0.1,1247.39961064189,-930.299610641888,0.00644478252807914,843.629453846514,0.00132249413621976,-1.10602354755425,252
"253","258",271.8,"Unincorporated Areas",1,0.15,1254.67434122448,-982.874341224483,0.00632282927894072,843.492615860395,0.00144790694959167,-1.16845739029967,253
"254","259",875.8,"Unincorporated Areas",64,1.81,1140.67331328472,-264.873313284718,0.00518120678506485,844.712016294031,8.59692619067229e-05,-0.31470507894265,254
"255","260",833.52,"Unincorporated Areas",42,1.84,1189.20510170988,-355.685101709885,0.00597631130521657,844.635321299966,0.000179099724869649,-0.422770665701184,255
"256","262",401.66,"Unincorporated Areas",101,2.67,1072.07631412222,-670.416314122216,0.00805940948437176,844.194826544884,0.00086167773657246,-0.797699429126968,256
"257","263",872.78,"City of Santa Cruz",3,0.1,1066.89782820442,-194.117828204422,0.00811190837797142,844.755981075369,7.27197467869232e-05,-0.230978535775002,257
"258","264",604,"City of Santa Cruz",17,0.5,1042.00933113878,-438.009331138781,0.00716347751842218,844.546164196897,0.000326331475160798,-0.520933190213176,258
"259","266",912.04,"Unincorporated Areas",84,2.31,1104.09648526014,-192.056485260139,0.00656895470322425,844.757143639988,5.74648915258298e-05,-0.22834823081043,259
"260","267",619.1,"Unincorporated Areas",81,2.57,1114.3754025593,-495.275402559298,0.00786238242126696,844.473163507844,0.000458593269161321,-0.58924830193153,260
"261","268",1661,"City of Santa Cruz",24,0.73,1029.9942521369,631.005747863102,0.00687392443017593,844.265391033855,0.000649510894794214,0.750358248699646,261
"262","269",3479.04,"City of Santa Cruz",19,0.59,1038.92387437757,2440.11612562243,0.00704486996093604,836.665385472478,0.00995768879748692,2.90190520405227,262
"263","270",314.08,"City of Santa Cruz",112,3.16,872.346508565942,-558.266508565942,0.0139429901811192,844.380118826741,0.00104606542321012,-0.666236006648397,263
"264","271",1023.78,"Unincorporated Areas",19,0.62,1222.04130902299,-198.261309022987,0.00509577114658054,844.753928423952,4.73638641149411e-05,-0.235550954891718,264
"265","272",2869,"Unincorporated Areas",6,0.19,1244.31415388068,1624.68584611932,0.00615136193695763,841.210799105157,0.00384763093140378,1.93128697638531,265
"266","273",1090.22,"Unincorporated Areas",34,0.97,1194.25104672877,-104.031046728772,0.00462745961002113,844.792624741679,1.18309900281228e-05,-0.123568472669779,266
"267","274",1208,"Unincorporated Areas",12,0.4,1234.19944453518,-26.1994445351831,0.0055634743437764,844.806384080144,9.03857462876552e-07,-0.0311344421209509,267
"268","275",1165.72,"City of Capitola",37,1.05,1206.44486277676,-40.7248627767576,0.0164028976641722,844.805038330882,6.58156507197313e-06,-0.0486618423694408,268
"269","276",1618.72,"City of Santa Cruz",2,0.07,1068.6551413505,550.064858649505,0.00820297018780292,844.39498271546,0.000590577849146146,0.654545795020532,269
"270","277",1138.54,"Unincorporated Areas",16,0.49,1226.74102241995,-88.2010224199548,0.00534040495380191,844.796748279227,9.82870504633174e-06,-0.104803049463735,270
"271","278",3016.98,"Unincorporated Areas",3,0.09,1249.44303680859,1767.53696319141,0.00648410954737721,840.547442830517,0.00480354146156721,2.10144793304262,271
"272","279",579.84,"City of Capitola",95,3.04,1108.09711306236,-528.25711306236,0.0227082660254629,844.421390894839,0.00155292347734127,-0.633243556176716,272
"273","280",135.9,"Unincorporated Areas",4,0.12,1247.68572366251,-1111.78572366251,0.00638008546837294,843.124670448996,0.00186961392634178,-1.32174746967663,273
"274","281",1195.92,"Unincorporated Areas",18,0.57,1223.51250914843,-27.5925091484346,0.00518091046516295,844.806282653959,9.32876349675845e-07,-0.0327836027301174,274
"275","282",332.2,"City of Santa Cruz",93,2.7,907.309079954761,-575.109079954761,0.0112056360763365,844.355201783891,0.000887255753441016,-0.685385277893683,275
"276","285",353.34,"City of Capitola",59,1.77,1168.64231262504,-815.302312625036,0.0171595906686918,843.892934793084,0.00276377122060969,-0.974573751994423,276
"277","286",2947.52,"Unincorporated Areas",57,1.75,1155.12035296192,1792.39964703808,0.0051408591941088,840.43237463417,0.00390576442398215,2.12956838469021,277
"278","287",1513.02,"Unincorporated Areas",45,1.4,1176.3511672251,336.668832774901,0.00468876319789747,844.653421718639,0.000125565444404838,0.399908834164431,278
"279","288",1262.36,"Unincorporated Areas",18,0.55,1223.22639612781,39.1336038721904,0.00521324285891965,844.805236571742,1.88830212531429e-06,0.0464967272324654,279
"280","289",830.5,"Other",1,0.03,534.619471935207,295.880528064793,0.0918182631454667,844.677050595829,0.00228107802850807,0.367931983166644,280
"281","290",332.2,"Unincorporated Areas",70,2.22,1133.41973414547,-801.219734145472,0.00644759490463852,843.93379184584,0.000981393747119693,-0.952563170829698,281
"282","291",1174.78,"City of Santa Cruz",3,0.58,1073.76454069943,101.015459300573,0.00761462663702015,844.793422473204,1.84666201616197e-05,0.120166995787022,282
"283","292",1208,"Unincorporated Areas",3,0.09,1249.44303680859,-41.4430368085862,0.00648410954737721,844.804980818434,2.64075236553197e-06,-0.0492721713062021,283
"284","293",2038.5,"Unincorporated Areas",4,0.14,1247.97183668314,790.528163316861,0.00631764360018094,843.957072071384,0.000935876375630093,0.939790597529448,284
"285","294",157.04,"Unincorporated Areas",12,1.57,1250.93705624176,-1093.89705624176,0.00693625549119251,843.177521233844,0.00196991533840465,-1.30084463026895,285
"286","295",981.5,"City of Santa Cruz",12,0.4,1051.51117942071,-70.0111794207069,0.00738252231701707,844.800644222866,8.59606215029461e-06,-0.083274871896125,286
"287","296",241.6,"Unincorporated Areas",2,0.07,1251.34340646497,-1009.74340646497,0.00655747976763399,843.419364818834,0.00158561355151379,-1.20054154112306,287
"288","297",1585.5,"City of Capitola",16,0.5,1244.49289092678,341.007109073216,0.0169422053656534,844.647461453624,0.000477158353957218,0.407578668038011,288
"289","298",1053.98,"Unincorporated Areas",11,0.36,1235.81370117094,-181.833701170943,0.00566257125629555,844.762383857042,4.43219326041064e-05,-0.216095151779995,289
"290","299",1183.84,"Unincorporated Areas",95,3.54,1097.64112658147,86.1988734185259,0.0147814430096203,844.797125913597,2.64837007763152e-05,0.102913615638507,290
"291","300",6816.14,"Unincorporated Areas",31,1.38,1206.67581168262,5609.46418831738,0.00507299727474087,800.932402581042,0.0377440743306287,6.66443457865,291
"292","301",945.26,"City of Santa Cruz",21,0.72,1036.41064365762,-91.1506436576162,0.00694792506197275,844.796011318697,1.37010668388387e-05,-0.108395503357894,292
"293","302",1120.42,"Unincorporated Areas",59,1.91,1153.0362917729,-32.6162917728957,0.00556145578901604,844.805871248843,1.40031449419712e-06,-0.0387599445627961,293
"294","303",1597.58,"Unincorporated Areas",16,0.6,1228.31464403339,369.265355966607,0.00516771330702409,844.622086032102,0.000166647815128503,0.438733874120207,294
"295","305",564.74,"City of Capitola",26,0.84,1227.49198550731,-662.751985507308,0.0164873280488919,844.203624619772,0.0017523314702059,-0.791951518414599,295
"296","306",1887.5,"Unincorporated Areas",3,0.16,1250.44443238077,637.055567619226,0.00626818400191034,844.255283101232,0.000602950701357979,0.757321447932846,296
"297","307",2582.1,"Unincorporated Areas",12,0.45,1234.91472708675,1347.18527291325,0.00546427679878258,842.33782429777,0.00234676928526311,1.60086485814701,297
"298","308",332.2,"City of Santa Cruz",23,1.37,1041.33635147391,-709.136351473914,0.00795540978973807,844.122076798912,0.000951444571186068,-0.843726501001295,298
"299","309",604,"City of Santa Cruz",20,0.68,1038.02490029338,-434.024900293376,0.0069802289430556,844.550941874375,0.000312109504751543,-0.516146796932724,299
"300","310",2908.26,"Unincorporated Areas",23,0.77,1215.44122596963,1692.81877403037,0.00487935245317174,840.907114965209,0.00330487832666403,2.01099104397995,300
"301","311",755,"City of Santa Cruz",69,2.27,953.633234259569,-198.633234259569,0.00950178490960164,844.753489537674,8.94386952425903e-05,-0.236517131795759,301
"302","312",2334.46,"City of Capitola",35,1.27,1213.96507135766,1120.49492864234,0.0164960703068065,843.080580637697,0.00501154825657794,1.33893465943705,302
"303","313",295.96,"Unincorporated Areas",9,0.3,1239.32832746309,-943.368327463088,0.00582646060150225,843.596858426949,0.0012279108103896,-1.12121198009686,303
"304","314",462.06,"Unincorporated Areas",35,1.33,1197.21459842302,-735.154598423015,0.00483269133698992,844.073160996349,0.000617274076202647,-0.873309462594518,304
"305","315",1029.82,"Unincorporated Areas",96,3.2,1090.59072255384,-60.7707225538356,0.0116166068936829,844.802267816747,1.0278767434483e-05,-0.0724384615997591,305
"306","316",4777.64,"City of Capitola",26,0.92,1228.63643758981,3549.00356241019,0.0164447312052908,827.322137333148,0.0501147926202509,4.24076873078387,306
"307","317",286.9,"Unincorporated Areas",13,0.44,1232.58518789942,-945.685187899423,0.00546993047180617,843.591337584784,0.00115761186335111,-1.12376413084156,307
"308","318",1380.14,"City of Capitola",152,5.63,1020.51923664373,359.620763356271,0.0520096771611625,844.622954864242,0.00175182085904545,0.437703828011021,308
"309","319",268.78,"City of Santa Cruz",12,1.53,1067.67656508603,-798.89656508603,0.00952617664461414,843.936152001088,0.00145056622031434,-0.951276111833508,309
"310","320",419.78,"City of Santa Cruz",1,0.04,1070.41245449657,-650.632454496568,0.00829695110611349,844.23031606068,0.000835892648238006,-0.774252179925587,310
"311","321",2579.08,"Unincorporated Areas",13,0.81,1237.87827878099,1341.20172121901,0.00512879498700002,842.360570534554,0.00218169304741554,1.59348584456079,311
"312","322",573.8,"Unincorporated Areas",90,3.15,1102.99433606433,-529.194336064335,0.0115006415675638,844.424412136374,0.000771477892750682,-0.630760559464153,312
"313","323",1310.68,"Unincorporated Areas",94,3.38,1097.53870509348,213.141294906517,0.0132924958248645,844.745100945131,0.000145173950922329,0.254279250496509,313
"314","324",691.58,"City of Santa Cruz",32,1.13,1018.22465113332,-326.644651133318,0.00691110637641012,844.662126179404,0.000175003307165541,-0.388435600668081,314
"315","325",377.5,"Unincorporated Areas",2,0.09,1251.6295194856,-874.129519485597,0.0064920252268165,843.767430586949,0.00117628587855094,-1.03926821785697,315
"316","326",1002.64,"Unincorporated Areas",5,0.7,1253.79651858363,-251.156518583634,0.00544049322081786,844.72160937345,8.12062512334362e-05,-0.298446579762829,316
"317","327",302,"Other",5,0.18,528.019388881855,-226.019388881855,0.0914841649930805,844.731333750591,0.00132524490981278,-0.28100690002517,317
"318","328",906,"Unincorporated Areas",18,0.63,1224.37084821031,-318.37084821031,0.0050974444329781,844.669640337813,0.000122174852271194,-0.37825141344335,318
"319","329",1041.9,"Unincorporated Areas",63,2.24,1149.01122590517,-107.11122590517,0.00677976094910178,844.791708090553,1.84551281734867e-05,-0.127364896744999,319
"320","330",1552.28,"Unincorporated Areas",27,1.69,1219.85649421035,332.423505789648,0.00627415036508646,844.65703937167,0.000164334604950376,0.395180921867286,320
"321","331",1066.06,"City of Capitola",11,0.4,1253.99473920871,-187.93473920871,0.017141938305472,844.758757306888,0.000146695326045927,-0.224646264719558,321
"322","332",347.3,"City of Capitola",3,0.16,1268.05324437729,-920.75324437729,0.0177635139680028,843.640214895438,0.00365348306795776,-1.10096310398801,322
"323","333",767.08,"Unincorporated Areas",3,0.19,1250.87360191171,-483.793601911712,0.00618410145060281,844.489018464701,0.000343011588547995,-0.575101749608204,323
"324","334",948.28,"Unincorporated Areas",24,1.4,1222.26730344232,-273.987303442318,0.00546244683991909,844.705315856832,9.70352553196581e-05,-0.325579748345317,324
"325","335",1241.22,"Unincorporated Areas",56,2.15,1163.02909605143,78.1909039485706,0.00665190118013899,844.799000081496,9.64670844692059e-06,0.0929700447009303,325
"326","336",211.4,"City of Capitola",4,0.29,1267.72649633434,-1056.32649633434,0.0174059152725364,843.271443505078,0.00470835009398088,-1.26284090025407,326
"327","337",199.32,"Unincorporated Areas",12,0.46,1235.05778359706,-1035.73778359706,0.00544612868341947,843.348554010908,0.00138246689276657,-1.23075951423779,327
"328","338",151,"Unincorporated Areas",3,0.12,1249.87220633952,-1098.87220633952,0.0063881872406201,843.163556162928,0.00182878372864569,-1.30640054892297,328
"329","339",1395.24,"Unincorporated Areas",24,1.05,1217.26032558138,177.979674418623,0.00485385274173311,844.764303441273,3.63393794329963e-05,0.211428979343993,329
"330","340",151,"City of Santa Cruz",4,0.17,1065.7127410996,-914.7127410996,0.00793685158660976,843.66690527165,0.00157929371688214,-1.08830997061505,330
"331","341",1884.48,"Unincorporated Areas",61,2.49,1156.96060401701,727.519395982994,0.00830008116403829,844.085823005557,0.00104552582030679,0.865748954448175,331
"332","342",1769.72,"Unincorporated Areas",44,1.79,1184.1168538043,585.603146195699,0.00568754975492067,844.341149288683,0.000461753379718486,0.695952342387802,332
"333","343",1337.86,"Unincorporated Areas",12,0.78,1239.63559192706,98.2244080729381,0.00516307427167534,844.794212043912,1.17805955411437e-05,0.116702728576168,333
"334","344",884.86,"City of Santa Cruz",1,0.04,1070.41245449657,-185.552454496568,0.00829695110611349,844.760402833083,6.7984900662353e-05,-0.22080729510438,334
"335","345",2778.4,"Unincorporated Areas",4,0.18,1248.54406272439,1529.85593727561,0.00619952543833957,841.619007902267,0.0034386260234873,1.81860539326721,335
"336","346",256.7,"Unincorporated Areas",10,0.41,1238.71546639952,-982.015466399516,0.00557003442065306,843.495908595478,0.00127136413408746,-1.16699438060759,336
"337","347",573.8,"Unincorporated Areas",47,1.93,1179.56019691765,-605.760196917646,0.00609238538739129,844.308292178515,0.000529688598841221,-0.720054324161474,337
"338","348",3056.24,"City of Capitola",1,0.19,1272.85537926225,1783.38462073775,0.0176748986942143,840.420980354166,0.0136351622551591,2.13233254069553,338
"339","349",755,"City of Capitola",18,1.95,1260.86311956809,-505.863119568089,0.0197633543455141,844.454487987188,0.0012319374301066,-0.605487370680975,339
"340","350",286.9,"City of Santa Cruz",7,0.32,1061.29914072326,-774.399140723258,0.00760753294763912,843.990368569026,0.00108425260661097,-0.921214300611071,340
"341","351",380.52,"Unincorporated Areas",35,1.56,1200.5048981602,-819.984898160205,0.00535185571343793,843.893381517679,0.000851335957710163,-0.974335786037613,341
"342","352",782.18,"Unincorporated Areas",31,1.37,1206.53275517231,-424.352755172307,0.00505174618953732,844.562717796805,0.000215089105244474,-0.504155277161562,342
"343","353",1510,"City of Santa Cruz",4,0.51,1070.57666245023,439.423337549772,0.00756229525107575,844.544369436283,0.000347006157210693,0.522719893699125,343
"344","354",755,"City of Santa Cruz",12,0.53,1053.37091405477,-298.370914054771,0.00726266879559344,844.686132031683,0.000153555129217802,-0.354876177267497,344
"345","356",1165.72,"Unincorporated Areas",6,0.82,1253.32671403037,-87.6067140303744,0.00543371843294773,844.796889245604,9.86798034107043e-06,-0.104101757993382,345
"346","357",1923.74,"City of Capitola",21,1.17,1243.14526373268,680.594736267325,0.0166774105227755,844.17054606438,0.00186998268405484,0.813351208213964,346
"347","358",298.98,"Unincorporated Areas",52,2.59,1178.06951321323,-879.089513213225,0.00965401142185063,843.752228599571,0.00178042604825783,-1.0468324202345,347
"348","359",1229.14,"City of Capitola",20,1,1242.89978573437,-13.7597857343715,0.0165364941738755,844.807056650099,7.57659569782373e-07,-0.0164425845992268,348
"349","360",3020,"City of Capitola",8,0.66,1264.27365650787,1755.72634349213,0.0168008098276788,840.560109746604,0.012539628457758,2.09832911998674,349
"350","361",1041.9,"Unincorporated Areas",8,0.49,1244.23288383604,-202.332883836038,0.00547825548439525,844.751691639123,5.30726148132193e-05,-0.24043454620316,350
"351","362",649.3,"City of Santa Cruz",100,7.3,957.809695959482,-308.509695959482,0.0978573266425859,844.664743789016,0.00267857836079698,-0.384918462887813,351
"352","363",646.28,"City of Santa Cruz",7,0.41,1062.58664931607,-416.306649316071,0.00750335031803797,844.571325192662,0.000308992292014896,-0.495206528063932,352
"353","364",851.64,"City of Santa Cruz",9,0.53,1059.9303620858,-208.290362085802,0.00736100606456133,844.748255838085,7.58606724945539e-05,-0.247748507811438,353
"354","365",664.4,"City of Santa Cruz",17,2.97,1077.34428918599,-412.944289185992,0.0217614729867585,844.571737583911,0.000907623051195858,-0.494773716820454,354
"355","366",1153.64,"Unincorporated Areas",70,3.86,1156.88100183674,-3.24100183673727,0.0211299731998809,844.807302287729,5.42164735121798e-08,-0.00388198899766346,355
"356","367",449.98,"Unincorporated Areas",7,0.4,1245.13185792024,-795.151857920235,0.00564238231624875,843.947676433992,0.000844503165161571,-0.944966284855149,356
"357","368",1132.5,"Unincorporated Areas",21,1.24,1226.53784730835,-94.0378473083474,0.00524174160338552,844.795304406279,1.09640166238327e-05,-0.111732995066348,357
"358","369",1262.36,"Unincorporated Areas",9,0.52,1242.47557068997,19.8844293100346,0.00541470362517759,844.806779604443,5.06571450271251e-07,0.0236281463490288,358
"359","371",196.3,"Unincorporated Areas",3,0.22,1251.30277144265,-1055.00277144265,0.00610509308020225,843.292729024601,0.0016100612087851,-1.25406748055907,359
"360","372",241.6,"City of Santa Cruz",4,0.24,1066.71413667179,-825.114136671789,0.00780645814741784,843.879614971393,0.00126361020878159,-0.981642534948211,360
"361","373",1488.86,"City of Santa Cruz",20,1.28,1046.60829091213,442.251709087868,0.00785415754969975,844.540894694621,0.000365267843899786,0.526161782089498,361
"362","374",969.42,"Unincorporated Areas",26,1.55,1220.04018574299,-250.620185742986,0.00580744828444186,844.721943548217,8.63774267545015e-05,-0.297864216655949,362
"363","375",169.12,"Unincorporated Areas",1,0.07,1253.52988914198,-1084.40988914198,0.0065658656808054,843.206292920378,0.00183115287250758,-1.28932222381778,363
"364","376",292.94,"City of Santa Cruz",1,0.07,1070.84162402751,-777.901624027505,0.00822160423792789,843.982447727719,0.00118386031507708,-0.925667241261977,364
"365","377",588.9,"City of Santa Cruz",23,1.58,1044.34053819048,-455.440538190479,0.00880600412479779,844.524493195031,0.000435159784932576,-0.542113086220861,365
"366","378",2805.58,"Unincorporated Areas",17,2.45,1252.59361576421,1552.98638423579,0.0123471610036675,841.501187453376,0.00714525283161207,1.851838155632,366
"367","379",1510,"Unincorporated Areas",1,0.07,1253.52988914198,256.470110858018,0.0065658656808054,844.717843032287,0.000102426228783761,0.304933233259143,367
"368","380",302,"Other",5,0.41,531.309688619044,-229.309688619044,0.0910925563798377,844.729138983066,0.00135710110829328,-0.285036261223665,368
"369","381",1057,"Unincorporated Areas",3,0.29,1252.30416701484,-195.304167014838,0.00594047314168358,844.755465185426,5.36714215405993e-05,-0.232136189827896,369
"370","382",715.74,"Unincorporated Areas",43,3.27,1207.47570000758,-491.735700007575,0.0173510281979036,844.474742404779,0.00101698772739137,-0.587854809174643,370
"371","383",2349.56,"City of Capitola",8,1.22,1272.28482108537,1077.27517891463,0.0173536451619901,843.209948475893,0.00488172545514307,1.28785084749853,371
"372","384",498.3,"Unincorporated Areas",26,3.08,1241.92783182081,-743.627831820813,0.0176694952130219,844.046311772174,0.00236997616964423,-0.889128146788086,372
"373","387",453,"City of Santa Cruz",1,0.09,1071.12773704813,-618.127737048131,0.00817419198186358,844.286610108897,0.0007431120678391,-0.735526065620643,373
"374","388",936.2,"Unincorporated Areas",5,0.47,1250.50621884644,-314.306218846444,0.00558365573554147,844.673067982443,0.000130560528795448,-0.373513570669543,374
"375","389",302,"City of Santa Cruz",13,1.08,1059.05253944495,-757.052539444953,0.00774458696211495,844.026466911631,0.00105518151499099,-0.900641221794185,375
"376","390",604,"City of Santa Cruz",1,0.16,1072.12913262032,-468.129132620319,0.00802600871881289,844.508746882657,0.000418363916912522,-0.556997267383036,376
"377","392",1896.56,"City of Santa Cruz",48,4.4,1030.02040717337,866.53959282663,0.0382602754168896,843.751644974528,0.00726998692520763,1.04712172841706,377
"378","393",1120.42,"City of Santa Cruz",25,2.71,1056.13295850178,64.2870414982192,0.0173479468689513,844.801633668173,1.73787788843569e-05,0.0768530478057058,378
"379","394",465.08,"Unincorporated Areas",24,2.55,1238.71880212827,-773.638802128266,0.0123248698650397,843.988076647737,0.00176992319037635,-0.922504987751937,379
"380","395",453,"City of Capitola",1,0.11,1271.71092717975,-818.710927179748,0.0179154881908885,843.884558855334,0.00291417697879133,-0.979024802212863,380
"381","396",597.96,"City of Capitola",16,1.71,1261.80272867461,-663.842728674608,0.0186270229439508,844.200314136733,0.00199493840293926,-0.79411919439349,381
"382","397",761.04,"Unincorporated Areas",56,5.23,1207.09050122771,-446.050501227709,0.0483434374012916,844.524764598699,0.00248581567993845,-0.541852955564134,382
"383","398",1250.28,"Unincorporated Areas",35,3.3,1225.3967309546,24.8832690454035,0.0189423789235878,844.806463965057,2.85222764645261e-06,0.0297712942845153,383
"384","399",510.38,"Unincorporated Areas",1,0.33,1257.24935841011,-746.869358410109,0.00590792607832632,844.048746329996,0.000780539598902507,-0.887705426818056,384
"385","401",226.5,"City of Santa Cruz",2,0.2,1070.51487598456,-844.014875984559,0.00792656982668129,843.836484473681,0.00134283199837667,-1.00418962556599,385
"386","402",1153.64,"Unincorporated Areas",50,5.03,1217.34826708352,-63.7082670835191,0.0454650881364329,844.801571133834,4.7403435008605e-05,-0.0772747167352215,386
"387","404",1150.62,"City of Capitola",14,2.55,1278.19244089489,-127.572440894887,0.0249156944369202,844.784763202674,9.98219891785811e-05,-0.153099340623899,387
"388","405",733.86,"City of Capitola",48,4.85,1236.75502724843,-502.895027248429,0.0534071560691389,844.446220920657,0.00352818644519629,-0.612538331237608,388
"389","406",271.8,"Unincorporated Areas",3,0.33,1252.87639305609,-981.076393056089,0.00585880815871534,843.498036967353,0.00133549607911727,-1.16604773452089,389
"390","407",1208,"City of Santa Cruz",1,0.17,1072.27218913063,135.727810869369,0.00800709487274842,844.782222562117,3.50848284548253e-05,0.16149240407476,390
"391","408",534.54,"Unincorporated Areas",3,0.36,1253.30556258703,-718.765562587026,0.00580347929921396,844.104857585196,0.000709973779980067,-0.854257262937467,391
"392","409",1706.3,"Unincorporated Areas",4,0.55,1253.83715360596,452.462846394045,0.00553457313218845,844.529098353043,0.000268160264132851,0.53768214747216,392
"393","410",1241.22,"Unincorporated Areas",8,1.15,1253.67461351667,-12.4546135166693,0.00581193916642289,844.807105958903,2.13485464111137e-07,-0.0148024472437649,393
"394","411",1410.34,"City of Santa Cruz",21,2.23,1058.01217671482,352.327823285182,0.0132623139910553,844.637306933823,0.000395761535880683,0.420323451170213,394
"395","412",483.2,"City of Santa Cruz",1,0.11,1071.41385006876,-588.213850068756,0.00812903491731348,844.335824329575,0.000669149184105821,-0.699914830312359,395
"396","414",1295.58,"Unincorporated Areas",5,1.14,1260.09100503739,35.488994962612,0.00599765517867984,844.805604650276,1.78944313809547e-06,0.0421830069270515,396
"397","415",1057,"Unincorporated Areas",1,0.18,1255.10351075542,-198.10351075542,0.00624099329323757,844.753951947981,5.80496667146898e-05,-0.235499056477243,397
"398","416",528.5,"Unincorporated Areas",3,0.43,1254.30695815921,-725.806958159214,0.00569411155279338,844.091099822174,0.000710153168808641,-0.862578561424344,398
"399","417",1325.78,"City of Santa Cruz",2,1.82,1093.6900306552,232.089969344801,0.0124740310242532,844.733607639909,0.000161267308651873,0.276770403503057,399
"400","418",3624,"Unincorporated Areas",1,0.88,1265.1174664773,2358.8825335227,0.005771990539864,837.210670787668,0.00760483994621041,2.80350190763622,400
"401","420",1588.52,"City of Santa Cruz",8,1.55,1076.7086088147,511.811391185303,0.0100314175457773,844.449691151755,0.000627571488819253,0.609588520292173,401
"402","424",818.42,"City of Capitola",1,0.2,1272.99843577256,-454.578435772562,0.0176473620975835,844.523026809345,0.000884476811497367,-0.543516409191178,402
"403","425",359.38,"Unincorporated Areas",29,4.33,1253.25044757886,-893.870447578856,0.0364318202774969,843.686090609899,0.0073381900642405,-1.07912285996604,403
"404","426",3306.9,"City of Santa Cruz",12,1.75,1070.82380831291,2236.07619168709,0.0107807651244152,837.949511174424,0.0128932231951002,2.66426769961993,404
"405","427",2718,"City of Santa Cruz",7,1.22,1074.17422665139,1643.82577334861,0.00862074991894902,841.116183131652,0.00554754449569928,1.9564709839111,405
"406","428",362.4,"City of Capitola",2,0.95,1281.541191369,-919.141191368996,0.0171375114123923,843.6450421076,0.00350792679294098,-1.09868548654015,406
"407","429",884.86,"City of Santa Cruz",8,2.22,1086.29339500564,-201.433395005641,0.0149535794646268,844.751654790993,0.000146358698786685,-0.240514166709974,407
"408","432",797.28,"City of Santa Cruz",30,5.42,1083.96885941144,-286.688859411442,0.0659242760938657,844.688409536425,0.00145353890020166,-0.351525886793586,408
"409","433",1751.6,"Unincorporated Areas",1,0.2,1255.38962377605,496.210376223954,0.00618925495882823,844.472465248121,0.000361149074732944,0.589863516845007,409
"410","435",1506.98,"Unincorporated Areas",16,2.41,1254.20787239997,252.772127600027,0.0121227026932147,844.719915857388,0.000185770024588174,0.301380549079326,410
"411","436",516.42,"City of Santa Cruz",1,0.17,1072.27218913063,-555.852189130631,0.00800709487274842,844.386341578153,0.000588437456009358,-0.661367082825197,411
"412","437",1195.92,"Unincorporated Areas",10,1.5,1254.30862602359,-58.3886260235893,0.00680766746990285,844.802678447933,5.50696042209588e-06,-0.0694303116962084,412
"413","439",1268.4,"Unincorporated Areas",13,2.14,1256.90479465256,11.4952053474358,0.0102762862343198,844.807136379034,3.24463265071443e-07,0.0136929582517687,413
"414","441",1506.98,"Unincorporated Areas",13,2.06,1255.76034257006,251.219657429936,0.00968476376137054,844.721198747116,0.000145872415391501,0.299160621596259,414
"415","442",2129.1,"City of Capitola",3,0.69,1275.63523942386,853.464760576142,0.0169217733472846,843.805521665156,0.00298514019915487,1.02006792881816,415
"416","443",449.98,"City of Capitola",3,0.51,1273.06022223823,-823.080222238231,0.0170300511886149,843.875518534624,0.00279475428155983,-0.983806265340988,416
"417","444",2265,"City of Capitola",10,2.44,1285.36474998949,979.635250010511,0.0244080520010935,843.477043431909,0.00576035619816956,1.17535169653493,417
"418","445",594.94,"Unincorporated Areas",4,0.67,1255.55383172971,-660.613831729706,0.00548466950108233,844.214153092194,0.000566430525226916,-0.785017719451676,418
"419","446",788.22,"City of Capitola",4,1.45,1284.3210515306,-496.101051530605,0.0183978058165027,844.468449136731,0.00109991496519584,-0.59338959341349,419
"420","447",1721.4,"City of Santa Cruz",6,1.01,1073.35652261184,648.043477388163,0.00804727537345738,844.235044572863,0.000803894444390711,0.771074240426467,420
"421","448",863.72,"City of Capitola",24,4.11,1278.64442973355,-414.924429733547,0.0445857685960059,844.563789779932,0.00196822472577873,-0.503049464514214,421
"422","449",468.1,"Unincorporated Areas",3,0.54,1255.88057977265,-787.780579772653,0.00557806394125195,843.963603298843,0.000819363216921052,-0.936175908435537,422
"423","450",392.6,"City of Capitola",1,0.2,1272.99843577256,-880.398435772562,0.0176473620975835,843.74046609544,0.00331762516176359,-1.05264781347447,423
"424","451",453,"City of Santa Cruz",1,0.54,1077.5652800122,-624.565280012197,0.0077036324769852,844.275956489065,0.000714319085894221,-0.743010028221698,424
"425","453",286.9,"Other",6,1.13,539.423274684541,-252.523274684541,0.0917475964892206,844.712440237846,0.00166000056380594,-0.314004356077317,425
"426","454",770.1,"City of Santa Cruz",14,4.72,1108.93862652173,-338.838626521727,0.053819015419772,844.643336370289,0.00161546282450904,-0.412803473588438,426
"427","455",755,"Unincorporated Areas",2,0.37,1255.63510177435,-500.635101774349,0.00581245676436338,844.466594855216,0.000344976506889257,-0.595010563880449,427
"428","457",634.2,"City of Santa Cruz",2,0.45,1074.09128874237,-439.891288742374,0.00766283466299029,844.543782312634,0.000352440241837175,-0.523303056567509,428
"429","458",815.4,"Unincorporated Areas",2,0.56,1258.35317547029,-442.953175470289,0.00560305677475786,844.540653866071,0.000260222549156614,-0.526399499168078,429
"430","459",755,"Unincorporated Areas",1,1,1266.83414460105,-511.834144601053,0.0059689786241046,844.451121341204,0.000370409812314263,-0.608368646541925,430
"431","460",1618.72,"City of Capitola",2,0.65,1277.24949605962,341.470503940382,0.0169600059579448,844.647023759306,0.000478976100072878,0.40813622221026,431
"432","463",3128.72,"City of Santa Cruz",14,2.64,1079.18287237671,2049.53712762329,0.0183074118686747,839.005444552453,0.0186771812896688,2.45135140379858,432
"433","466",1346.92,"City of Santa Cruz",3,0.65,1074.76593627162,272.154063728385,0.00765063747475265,844.706454409351,0.00013468582984157,0.323757668760774,433
"434","467",286.9,"City of Santa Cruz",1,0.33,1074.56109329563,-787.661093295633,0.00778114984720005,843.961985627996,0.00114770809801261,-0.937072505410871,434
"435","468",649.3,"Unincorporated Areas",2,1,1264.64766192404,-615.347661924043,0.00589955434271266,844.292465949187,0.000529082753033681,-0.731379795709645,435
"436","471",770.1,"Unincorporated Areas",3,1.14,1264.46397039141,-494.363970391409,0.00614596645052317,844.474967555249,0.000355928222042569,-0.587655827904346,436
"437","472",688.56,"Other",15,4.05,561.517431602725,127.042568397275,0.122296786489384,844.782468557972,0.000599711014480509,0.16069892046649,437
"438","473",1346.92,"City of Santa Cruz",9,2.45,1087.39721206582,259.52278793418,0.0170644480850941,844.714721693006,0.000278430611889862,0.310206229203333,438
"439","474",1057,"Unincorporated Areas",1,0.54,1260.25354512667,-203.253545126674,0.00565474757554316,844.751174292437,5.53017530742844e-05,-0.241550013047197,439
"440","476",2485.46,"Unincorporated Areas",1,0.37,1257.82158445136,1227.63841554864,0.00584053247373496,842.756387907932,0.00208451537984396,1.45908294787358,440
"441","478",588.9,"City of Santa Cruz",1,0.88,1082.42920136283,-493.529201362826,0.00810527917974996,844.475434808509,0.000469663008286358,-0.587242668087954,441
"442","481",600.98,"Unincorporated Areas",5,2.73,1282.83699017709,-681.85699017709,0.0171098879530534,844.167899696292,0.00192729259952918,-0.815038928555214,442
"443","482",498.3,"City of Santa Cruz",1,0.94,1083.2875404247,-584.987540424701,0.00824381375507585,844.340929787228,0.000671328977902421,-0.69611612729812,443
"444","486",1087.2,"Unincorporated Areas",1,1,1266.83414460105,-179.634144601053,0.0059689786241046,844.763450857459,4.56248820223797e-05,-0.213514050550183,444
"445","491",1304.64,"City of Santa Cruz",1,1,1084.14587948658,220.494120513423,0.0084026450540296,844.741062509994,9.72440755945918e-05,0.262401837518185,445
